,method,MSE,MAE,MR,adj R-squared
0,LinearRegression,0.29774914,0.426358068,0.00044836,0.706612371
1,RANSAC,0.441929507,0.51371785,0.11124126,0.564553219
2,RandomForest,0.182798569,0.325226376,-0.00274777,0.819882929
3,XGBoost,0.17471771,0.320171496,-0.000937909,0.827845249
4,LightGBM_def,0.194513869,0.33905096,0.006783458,0.808339482
5,LightGBM,0.175927175,0.321854144,0.005677145,0.826653525
6,HybridModel,0.170219829,0.315633848,0.000663815,0.83227715
7,Stacking,0.171069696,0.315796352,0.000870487,0.831610924